{"cameraMode":{"drawMode":0,"name":"Shaded","section":"Shading Mode"},"sceneLighting":true,"audioPlay":false,"sceneViewState":{"showFog":true,"showMaterialUpdate":false,"showSkybox":true,"showFlares":true,"showImageEffects":true,"showParticleSystems":true},"in2DMode":false,"pivot":{"x":354.32012939453127,"y":79.1746826171875,"z":-0.0000152587890625},"rotation":{"x":0.2619647681713104,"y":0.5142221450805664,"z":-0.16862042248249055,"w":0.799092710018158},"size":541.931884765625,"orthographic":false}