{"cameraMode":{"drawMode":0,"name":"Shaded","section":"Shading Mode"},"sceneLighting":false,"audioPlay":false,"sceneViewState":{"showFog":true,"showMaterialUpdate":false,"showSkybox":false,"showFlares":true,"showImageEffects":true,"showParticleSystems":true},"in2DMode":false,"pivot":{"x":13.140000343322754,"y":11.130000114440918,"z":-0.16999998688697816},"rotation":{"x":0.20326340198516847,"y":-0.6567708253860474,"z":0.19049672782421113,"w":0.700757622718811},"size":0.1588582694530487,"orthographic":false}